<?xml version="1.0" encoding="UTF-8" standalone="yes"?>
<manifest>
  <control namespace="YA" constructor="MyIframe" version="1.1.0" display-name-key="MyIframe_Display_Key" description-key="MyIframe_Desc_Key" control-type="standard" api-version="1.3.5">
    <property name="urlValue" display-name-key="urlValue_Display_Key" description-key="urlValue_Desc_Key" of-type="SingleLine.Text" usage="bound" required="true"/>
    <property name="frameWidthValue" display-name-key="frameWidthValue_Display_Key" description-key="frameWidthValue_Desc_Key" of-type="FP" usage="bound" required="true"/>
    <property name="frameHeightValue" display-name-key="frameHeightValue_Display_Key" description-key="frameHeightValue_Desc_Key" of-type="FP" usage="bound" required="true"/>
    <resources>
      <code path="bundle.js" order="1"/>
      <css path="css/MyIframe.css" order="2"/>
      <resx path="strings/MyIframe.1033.resx" version="1.0.0"/>
    </resources>
    <built-by name="pac" version="1.26.5"/>
  </control>
</manifest>